Close,High,Low,Open,Volume
SMFL,SMFL,SMFL,SMFL,SMFL
8442.0,10237.5009765625,7119.00048828125,10080.0009765625,1536
5796.00048828125,7528.50048828125,5733.00048828125,7465.50048828125,1435
4221.0,5638.50048828125,4189.5,5040.00048828125,1782
3748.500244140625,4158.0,3654.000244140625,4158.0,942
3433.500244140625,3748.500244140625,3307.500244140625,3717.000244140625,496
3874.500244140625,4000.500244140625,3055.500244140625,3087.000244140625,763
3528.315185546875,3748.500244140625,3402.000244140625,3717.000244140625,293
3461.22021484375,3528.000244140625,3339.000244140625,3402.000244140625,116
3150.315185546875,3465.000244140625,3055.500244140625,3402.000244140625,214
3197.250244140625,3339.000244140625,3150.000244140625,3181.500244140625,109
3402.000244140625,3582.4951171875,3150.000244140625,3181.500244140625,247
2992.500244140625,3402.000244140625,2932.650146484375,3307.500244140625,254
2787.750244140625,3055.500244140625,2772.000244140625,2945.250244140625,213
2590.2451171875,2746.800048828125,2523.780029296875,2743.650146484375,248
3150.000244140625,3969.000244140625,2709.000244140625,2740.500244140625,3875
2954.7001953125,3118.500244140625,2803.500244140625,3118.500244140625,1083
2992.18505859375,3213.000244140625,2704.275146484375,2872.800048828125,523
2630.250244140625,2976.750244140625,2570.400146484375,2929.18505859375,325
3019.590087890625,3276.000244140625,2646.630126953125,2679.39013671875,879
2836.5751953125,3118.500244140625,2740.500244140625,2929.500244140625,374
3307.500244140625,3906.000244140625,3059.59521484375,3654.000244140625,12854
3181.500244140625,3276.000244140625,2932.965087890625,3244.500244140625,2046
2929.815185546875,3181.500244140625,2866.500244140625,3037.860107421875,2249
3244.500244140625,4189.5,3150.000244140625,3874.500244140625,17159
3339.000244140625,3370.500244140625,3073.770263671875,3087.000244140625,1441
3591.000244140625,3701.250244140625,3245.76025390625,3496.500244140625,2917
3276.000244140625,3528.000244140625,3244.500244140625,3528.000244140625,1082
3149.68505859375,3307.500244140625,3058.965087890625,3307.500244140625,1019
3181.500244140625,3181.500244140625,3087.000244140625,3102.750244140625,446
3307.500244140625,3433.500244140625,3090.465087890625,3146.22021484375,868
3528.000244140625,3559.500244140625,3181.500244140625,3181.500244140625,795
3465.000244140625,3654.000244140625,3370.500244140625,3622.500244140625,940
3717.000244140625,3717.000244140625,3244.500244140625,3465.000244140625,799
3717.000244140625,3780.000244140625,3528.000244140625,3622.500244140625,379
3654.000244140625,3685.500244140625,3402.000244140625,3591.000244140625,437
3465.000244140625,3528.000244140625,3339.000244140625,3496.500244140625,395
3307.500244140625,3433.500244140625,3244.500244140625,3276.000244140625,328
3307.500244140625,3307.500244140625,3180.55517578125,3181.500244140625,425
3213.000244140625,3496.500244140625,3181.500244140625,3181.500244140625,337
3276.000244140625,3370.500244140625,3150.000244140625,3150.000244140625,226
3150.000244140625,3307.815185546875,3150.000244140625,3213.000244140625,115
2992.500244140625,3150.000244140625,2929.500244140625,3150.000244140625,225
3181.500244140625,3244.500244140625,2940.525146484375,2992.500244140625,251
3108.420166015625,3213.000244140625,2992.500244140625,3181.500244140625,270
2992.500244140625,3181.500244140625,2929.500244140625,3181.500244140625,195
2960.3701171875,3069.990234375,2898.630126953125,3024.000244140625,93
2751.840087890625,2929.500244140625,2715.93017578125,2929.500244140625,131
2583.000244140625,2825.235107421875,2558.115234375,2751.840087890625,153
2557.800048828125,2674.35009765625,2520.000244140625,2583.000244140625,136
2513.070068359375,2583.000244140625,2402.190185546875,2583.000244140625,95
2583.000244140625,2705.53515625,2526.300048828125,2526.300048828125,72
2573.550048828125,2614.18505859375,2488.500244140625,2573.550048828125,58
2624.895263671875,2656.080078125,2547.090087890625,2547.090087890625,66
2781.4501953125,2929.500244140625,2646.315185546875,2705.22021484375,221
2670.255126953125,2803.500244140625,2614.500244140625,2700.4951171875,116
2849.490234375,3043.215087890625,2549.925048828125,2561.580078125,439
2992.500244140625,3119.76025390625,2682.5400390625,2898.000244140625,238
2770.425048828125,4284.0,2592.4501953125,3118.500244140625,4897
1947.9600830078125,2614.500244140625,1890.0001220703125,2614.500244140625,1153
1724.31005859375,1890.0001220703125,1576.2601318359375,1889.68505859375,354
1704.9376220703125,1827.0001220703125,1669.5001220703125,1707.300048828125,164
1732.5001220703125,1851.8851318359375,1669.5001220703125,1716.7501220703125,202
1858.5001220703125,1921.5001220703125,1764.0001220703125,1767.150146484375,273
1883.070068359375,1890.0001220703125,1764.0001220703125,1821.01513671875,123
1732.5001220703125,1852.2000732421875,1685.2501220703125,1852.2000732421875,158
1638.3150634765625,1874.2501220703125,1543.5001220703125,1805.580078125,104
1496.2501220703125,1744.7850341796875,1452.465087890625,1669.5001220703125,297
1370.2501220703125,1462.5450439453125,1199.52001953125,1462.5450439453125,285
1393.8751220703125,1512.0001220703125,1354.5001220703125,1357.6500244140625,124
1496.2501220703125,1606.5001220703125,1392.300048828125,1392.300048828125,108
1543.5001220703125,1575.0001220703125,1420.6500244140625,1465.695068359375,167
1553.8951416015625,1563.97509765625,1449.0001220703125,1497.195068359375,58
1480.18505859375,1575.0001220703125,1455.9300537109375,1512.0001220703125,48
1603.0350341796875,1638.0001220703125,1464.7501220703125,1512.0001220703125,135
1564.2900390625,1732.5001220703125,1480.5001220703125,1573.7401123046875,90
1459.7100830078125,1543.5001220703125,1423.800048828125,1543.5001220703125,100
1392.300048828125,1417.5001220703125,1296.22509765625,1417.5001220703125,113
1398.60009765625,1567.4400634765625,1323.0001220703125,1392.300048828125,225
1448.0550537109375,1483.3350830078125,1363.6351318359375,1449.630126953125,75
1354.5001220703125,1433.2501220703125,1329.300048828125,1402.695068359375,56
1228.5001220703125,1326.780029296875,1228.5001220703125,1326.780029296875,68
1323.0001220703125,1433.2501220703125,1228.8150634765625,1247.0850830078125,87
1307.2501220703125,1380.330078125,1276.0650634765625,1322.68505859375,89
1291.18505859375,1354.8150634765625,1228.8150634765625,1354.5001220703125,74
1291.5001220703125,1345.050048828125,1257.1650390625,1285.2000732421875,104
1368.675048828125,1401.7501220703125,1231.6500244140625,1260.0001220703125,256
1417.18505859375,1433.2501220703125,1327.72509765625,1327.72509765625,165
1704.7801513671875,2394.000244140625,1641.150146484375,2114.280029296875,16087
1775.6551513671875,1795.18505859375,1519.56005859375,1616.8951416015625,1290
1827.0001220703125,1846.8450927734375,1575.0001220703125,1583.820068359375,667
1993.9500732421875,2016.0001220703125,1682.10009765625,1732.5001220703125,844
2078.68505859375,2110.18505859375,1890.0001220703125,2039.6251220703125,539
1684.6201171875,1963.3951416015625,1575.0001220703125,1953.0001220703125,452
1644.9300537109375,1791.4051513671875,1606.8150634765625,1638.0001220703125,131
1592.3250732421875,1669.5001220703125,1575.0001220703125,1575.0001220703125,135
1594.215087890625,1656.900146484375,1575.0001220703125,1656.900146484375,139
1560.5101318359375,1631.7000732421875,1513.89013671875,1575.0001220703125,172
1697.5350341796875,1827.0001220703125,1543.8150634765625,1543.8150634765625,111
1573.425048828125,1685.2501220703125,1543.5001220703125,1685.2501220703125,126
1540.0350341796875,1606.5001220703125,1449.0001220703125,1573.425048828125,78
1414.35009765625,1527.7501220703125,1386.0001220703125,1527.7501220703125,203
1401.43505859375,1471.6800537109375,1291.5001220703125,1449.0001220703125,139
1448.68505859375,1480.5001220703125,1354.8150634765625,1395.4500732421875,73
1440.81005859375,1480.18505859375,1338.7501220703125,1475.4600830078125,93
1454.6700439453125,1462.860107421875,1386.0001220703125,1456.8751220703125,52
1539.7200927734375,1571.85009765625,1406.47509765625,1449.0001220703125,125
1523.655029296875,1606.5001220703125,1512.0001220703125,1606.5001220703125,64
1474.2000732421875,1544.130126953125,1433.2501220703125,1544.130126953125,69
1387.5750732421875,1558.6201171875,1354.8150634765625,1512.0001220703125,70
1433.2501220703125,1480.18505859375,1323.0001220703125,1430.4150390625,41
1435.14013671875,1480.5001220703125,1354.5001220703125,1403.3250732421875,71
1543.18505859375,1606.5001220703125,1386.0001220703125,1417.5001220703125,796
1511.68505859375,1575.0001220703125,1335.60009765625,1543.5001220703125,125
1449.0001220703125,1480.5001220703125,1387.2601318359375,1466.3250732421875,79
1478.610107421875,1512.3150634765625,1401.7501220703125,1405.530029296875,89
1574.68505859375,2016.0001220703125,1480.5001220703125,1575.0001220703125,770
1557.675048828125,1692.81005859375,1512.0001220703125,1648.7100830078125,149
1501.9200439453125,1669.5001220703125,1480.8150634765625,1564.2900390625,122
1889.68505859375,1890.0001220703125,1575.0001220703125,1643.985107421875,520
1890.0001220703125,2079.0,1748.2501220703125,2016.0001220703125,542
1921.5001220703125,2015.68505859375,1795.8150634765625,1978.2000732421875,264
1984.5001220703125,2127.8251953125,1953.0001220703125,2101.050048828125,669
1983.8701171875,2034.900146484375,1827.0001220703125,1954.2601318359375,244
1993.9500732421875,2047.5001220703125,1893.150146484375,1983.5550537109375,274
1905.7501220703125,2047.5001220703125,1836.4500732421875,1978.2000732421875,252
1770.300048828125,1953.0001220703125,1764.0001220703125,1858.8150634765625,135
1789.51513671875,1827.0001220703125,1658.1600341796875,1795.5001220703125,110
1754.550048828125,1804.9500732421875,1675.800048828125,1735.965087890625,77
1754.235107421875,1802.1151123046875,1606.5001220703125,1802.1151123046875,79
1730.610107421875,1748.2501220703125,1669.8150634765625,1748.2501220703125,29
1779.7501220703125,1786.050048828125,1609.650146484375,1678.6351318359375,79
1700.68505859375,1779.7501220703125,1640.205078125,1731.8701171875,84
1668.5550537109375,1701.0001220703125,1606.5001220703125,1669.8150634765625,42
1787.9400634765625,1827.0001220703125,1512.945068359375,1544.445068359375,1134
1748.2501220703125,1800.8865966796875,1678.9500732421875,1764.0001220703125,109
1763.68505859375,1779.7501220703125,1661.6251220703125,1777.5450439453125,86
1820.3851318359375,1885.9051513671875,1638.0001220703125,1732.5001220703125,115
1791.4051513671875,1827.0001220703125,1732.5001220703125,1827.0001220703125,59
1743.840087890625,1823.85009765625,1701.0001220703125,1737.5400390625,30
1763.68505859375,1795.5001220703125,1606.8150634765625,1727.4600830078125,20
1795.5001220703125,1795.5001220703125,1622.2501220703125,1622.2501220703125,32
1794.8701171875,1795.5001220703125,1701.0001220703125,1795.5001220703125,41
1858.5001220703125,1882.1251220703125,1743.2100830078125,1770.9300537109375,46
1854.7200927734375,1856.610107421875,1771.8751220703125,1771.8751220703125,42
1852.2000732421875,1852.2000732421875,1748.2501220703125,1798.965087890625,63
1795.5001220703125,1852.2000732421875,1752.0301513671875,1787.7196044921875,40
1669.5001220703125,1778.175048828125,1607.7601318359375,1669.5001220703125,56
1526.8050537109375,1669.5001220703125,1480.8150634765625,1669.5001220703125,63
1441.1251220703125,1575.0001220703125,1420.6500244140625,1575.0001220703125,74
1417.18505859375,1540.35009765625,1323.3465576171875,1441.1251220703125,18
1385.3701171875,1527.7501220703125,1244.2501220703125,1419.705078125,79
1071.0,1376.8651123046875,968.31005859375,1323.0001220703125,70
1181.2501220703125,1202.0400390625,1091.1600341796875,1158.2550048828125,40
1111.0050048828125,1197.0001220703125,1058.4000244140625,1096.2000732421875,67
1197.0001220703125,1254.0150146484375,1102.8150634765625,1102.8150634765625,38
1189.1251220703125,1354.4686279296875,1161.090087890625,1255.590087890625,45
1200.465087890625,1260.0001220703125,1141.8751220703125,1153.530029296875,29
1232.280029296875,1382.5350341796875,1193.85009765625,1197.0001220703125,58
1283.9400634765625,1417.18505859375,1260.0001220703125,1417.18505859375,80
1330.56005859375,1386.0001220703125,1260.0001220703125,1260.0001220703125,23
1354.18505859375,1388.8350830078125,1299.3751220703125,1299.3751220703125,23
1259.68505859375,1354.18505859375,1200.1500244140625,1323.0001220703125,30
1291.5001220703125,1323.0001220703125,1134.0001220703125,1253.7000732421875,22
1147.2301025390625,1354.5001220703125,1077.300048828125,1271.340087890625,79
1040.1300048828125,1240.4385986328125,1040.1300048828125,1077.300048828125,27
1171.1700439453125,1228.5001220703125,1079.1900634765625,1228.5001220703125,65
1184.0850830078125,1197.0001220703125,1102.8150634765625,1171.485107421875,37
1216.8450927734375,1259.68505859375,1127.7000732421875,1184.0850830078125,41
1257.1650390625,1354.5001220703125,1228.5001220703125,1309.77001953125,10
1260.0001220703125,1323.0001220703125,1165.8150634765625,1323.0001220703125,26
1260.0001220703125,1351.35009765625,1196.3701171875,1260.0001220703125,18
1322.3701171875,1386.0001220703125,1257.7950439453125,1291.8150634765625,18
1313.550048828125,1354.5001220703125,1118.5650634765625,1303.7850341796875,31
1348.2000732421875,1386.0001220703125,1291.5001220703125,1291.5001220703125,38
1291.5001220703125,1376.550048828125,1260.945068359375,1376.550048828125,12
1221.885009765625,1291.5001220703125,1169.9100341796875,1278.9000244140625,46
1291.5001220703125,1291.5001220703125,1204.2451171875,1288.0350341796875,10
1323.0001220703125,1348.2000732421875,1197.0001220703125,1250.8651123046875,11
1323.0001220703125,1331.505126953125,1197.0001220703125,1331.505126953125,7
1320.7950439453125,1323.0001220703125,1256.85009765625,1300.9500732421875,2
1323.0001220703125,1323.0001220703125,1203.300048828125,1291.5001220703125,3
1290.5550537109375,1323.0001220703125,1188.4951171875,1323.0001220703125,10
1229.130126953125,1291.5001220703125,1226.925048828125,1260.0001220703125,11
1323.0001220703125,1329.300048828125,1200.465087890625,1228.5001220703125,23
1323.0001220703125,1367.10009765625,1228.5001220703125,1338.43505859375,20
1354.5001220703125,1354.5001220703125,1197.3150634765625,1297.800048828125,14
1417.5001220703125,1417.5001220703125,1258.425048828125,1258.425048828125,26
1448.68505859375,1546.3350830078125,1385.68505859375,1527.7501220703125,29
1354.18505859375,1417.5001220703125,1267.56005859375,1353.8701171875,27
1386.0001220703125,1396.080078125,1291.5001220703125,1291.5001220703125,24
1385.9686279296875,1417.5001220703125,1275.7501220703125,1417.5001220703125,23
1323.945068359375,1386.0001220703125,1275.7501220703125,1275.7501220703125,8
1284.885009765625,1370.2501220703125,1196.68505859375,1323.945068359375,47
1339.0650634765625,1386.0001220703125,1231.965087890625,1370.2501220703125,37
1235.1151123046875,1385.68505859375,1228.5001220703125,1370.2501220703125,39
1307.2501220703125,1330.8751220703125,1233.5400390625,1233.5400390625,9
1275.7501220703125,1354.5001220703125,1212.7501220703125,1260.0001220703125,37
1291.5001220703125,1323.0001220703125,1229.760009765625,1299.3751220703125,10
1254.0150146484375,1291.5001220703125,1228.5001220703125,1255.4326171875,23
1248.030029296875,1291.18505859375,1228.5001220703125,1228.5001220703125,15
1229.130126953125,1322.68505859375,1197.0001220703125,1228.5001220703125,36
1291.18505859375,1323.0001220703125,1229.445068359375,1291.5001220703125,9
1288.35009765625,1291.5001220703125,1228.5001220703125,1291.5001220703125,5
1259.0550537109375,1291.5001220703125,1220.6566162109375,1241.257568359375,12
1197.0001220703125,1259.0550537109375,1174.9500732421875,1231.6500244140625,19
1291.5001220703125,1291.5001220703125,1185.3450927734375,1185.3450927734375,8
992.2500610351562,1288.35009765625,882.0000610351562,1288.35009765625,95
976.8150634765625,1023.7500610351562,975.5550537109375,1023.7500610351562,22
961.0650634765625,1007.68505859375,960.7500610351562,976.8150634765625,5
893.655029296875,974.6100463867188,819.3150634765625,919.800048828125,32
810.1800537109375,907.2000732421875,787.5000610351562,847.3500366210938,64
630.3150634765625,836.3250732421875,630.0000610351562,826.8750610351562,47
734.2650146484375,822.780029296875,718.2000122070312,724.8150634765625,67
724.5000610351562,803.2500610351562,708.7500610351562,737.4150390625,36
692.0550537109375,749.2275390625,672.5250244140625,740.8800659179688,23
691.1100463867188,722.2950439453125,661.5000610351562,722.2950439453125,21
648.9000244140625,724.5000610351562,598.5000610351562,724.5000610351562,59
732.3750610351562,945.0000610351562,646.0650634765625,785.2950439453125,171
724.18505859375,836.0100708007812,680.4000244140625,787.5000610351562,37
740.2500610351562,807.6600341796875,693.0000610351562,724.5000610351562,124
751.2750244140625,810.1800537109375,709.0650634765625,810.1800537109375,30
741.8250122070312,796.9500732421875,707.8050537109375,740.2500610351562,47
787.5000610351562,787.5000610351562,711.5850219726562,756.0000610351562,34
787.5000610351562,787.5000610351562,693.0000610351562,774.5850219726562,33
773.0100708007812,787.5000610351562,746.550048828125,746.550048828125,41
761.9850463867188,787.5000610351562,730.800048828125,785.7675170898438,39
710.3250122070312,781.8300170898438,693.6300659179688,762.300048828125,263
724.8150634765625,752.8500366210938,702.4500122070312,739.93505859375,180
756.0000610351562,756.0000610351562,677.2500610351562,739.93505859375,137
727.9650268554688,819.0000610351562,724.5000610351562,750.3300170898438,88
709.1595458984375,776.4750366210938,664.6500244140625,762.300048828125,134
669.3750610351562,705.6000366210938,656.7750244140625,695.2050170898438,85
718.8300170898438,724.5000610351562,677.2500610351562,692.3700561523438,133
720.0900268554688,738.3600463867188,690.7950439453125,718.8300170898438,80
724.18505859375,740.2500610351562,696.1500244140625,721.3500366210938,106
771.43505859375,787.5000610351562,686.7000122070312,708.7500610351562,339
725.1300659179688,882.0000610351562,693.0000610351562,771.43505859375,947
685.7550659179688,732.06005859375,665.280029296875,715.3650512695312,272
688.2750244140625,693.0000610351562,675.864013671875,693.0000610351562,107
553.1400146484375,686.7000122070312,551.25,685.4400634765625,792
633.1500244140625,724.5000610351562,567.0000610351562,570.1500244140625,1538
645.7500610351562,661.5000610351562,620.550048828125,630.0000610351562,277
630.3150634765625,661.5000610351562,620.550048828125,644.8050537109375,136
661.8150634765625,687.64501953125,628.425048828125,641.9700317382812,184
631.5750122070312,657.0900268554688,623.7000122070312,657.0900268554688,90
598.5000610351562,642.6000366210938,570.780029296875,642.6000366210938,207
598.5000610351562,598.5000610351562,568.5750122070312,587.4750366210938,98
573.6150512695312,611.1000366210938,567.0000610351562,571.0950317382812,60
589.050048828125,612.9900512695312,543.06005859375,567.0000610351562,135
558.1800537109375,598.5000610351562,522.27001953125,598.5000610351562,146
567.0000610351562,567.0000610351562,549.738037109375,560.7000122070312,45
541.800048828125,566.6535034179688,529.2000122070312,563.8500366210938,104
562.5900268554688,566.68505859375,537.0750122070312,537.0750122070312,33
544.0050048828125,567.0000610351562,535.8150024414062,567.0000610351562,41
551.25,561.3300170898438,535.6575317382812,540.2250366210938,18
554.4000244140625,561.9600219726562,540.2250366210938,561.9600219726562,36
557.550048828125,559.4400024414062,544.635009765625,559.125,51
598.5000610351562,598.5000610351562,535.8150024414062,598.5000610351562,199
655.2000122070312,683.8650512695312,592.2000122070312,592.2000122070312,366
598.5000610351562,655.2000122070312,544.9500122070312,631.260009765625,207
598.5000610351562,633.1500244140625,568.260009765625,580.5450439453125,48
612.675048828125,630.3150634765625,585.9000244140625,630.0000610351562,71
609.5250244140625,623.385009765625,590.6250610351562,597.8700561523438,33
563.8500366210938,609.5250244140625,551.8800048828125,592.2000122070312,73
582.7500610351562,601.9650268554688,556.2900390625,591.2550048828125,69
521.9550170898438,567.6300048828125,520.0650024414062,567.6300048828125,125
529.2000122070312,559.125,507.1500244140625,559.125,40
529.2000122070312,555.6600341796875,504.6300354003906,519.75,47
528.2550048828125,551.25,510.3000183105469,539.9100341796875,15
507.1500244140625,544.9500122070312,504.3150329589844,544.9500122070312,22
519.4349975585938,532.3500366210938,488.5650329589844,504.0000305175781,38
491.4000244140625,527.31005859375,476.9100341796875,519.4349975585938,25
456.7500305175781,488.8800354003906,441.3150329589844,472.8150329589844,87
469.9800109863281,486.9900207519531,444.1500244140625,456.7500305175781,147
412.02001953125,450.45001220703125,409.5000305175781,449.8200378417969,92
470.6100158691406,471.8700256347656,413.59503173828125,441.0000305175781,109
472.5000305175781,472.5000305175781,439.1100158691406,459.27001953125,55
472.5000305175781,472.5000305175781,421.155029296875,470.2950134277344,16
469.6650390625,472.5000305175781,442.8900146484375,456.4350280761719,14
466.83001708984375,472.5000305175781,455.1750183105469,471.8700256347656,14
471.8700256347656,511.8750305175781,436.2750244140625,463.0500183105469,315
456.7500305175781,469.9800109863281,425.2500305175781,468.72003173828125,207
465.885009765625,493.2900390625,443.52001953125,452.97003173828125,38
443.52001953125,472.1850280761719,409.5000305175781,459.27001953125,73
433.1250305175781,469.0350341796875,427.77001953125,468.72003173828125,63
456.7500305175781,481.95001220703125,443.83502197265625,449.5050354003906,180
425.2185363769531,504.0000305175781,424.9350280761719,456.7500305175781,188
362.2500305175781,445.09503173828125,344.6100158691406,445.09503173828125,699
360.0450134277344,377.6850280761719,348.07501220703125,365.08502197265625,230
378.3150329589844,406.35003662109375,364.1400146484375,374.5350341796875,382
392.8050231933594,395.32501220703125,370.1250305175781,388.39501953125,112
408.8700256347656,453.60003662109375,393.7500305175781,393.7500305175781,252
459.58502197265625,468.72003173828125,378.0000305175781,409.5000305175781,817
446.6700134277344,456.1200256347656,411.07501220703125,456.1200256347656,91
393.7500305175781,439.7400207519531,378.3150329589844,439.7400207519531,126
305.5500183105469,406.0350341796875,283.81500244140625,384.3000183105469,1186
280.3500061035156,333.8999938964844,268.3800048828125,284.1300048828125,3897
300.510009765625,327.5244140625,280.9800109863281,286.6499938964844,2100
260.19000244140625,308.70001220703125,258.29998779296875,289.1700134277344,1205
222.38999938964844,288.5400085449219,221.1300048828125,288.5400085449219,1282
200.33999633789062,230.34689331054688,198.4499969482422,223.64999389648438,643
202.86000061035156,215.97659301757812,200.34629821777344,205.82730102539062,322
194.0399932861328,478.1700134277344,183.95999145507812,202.86000061035156,67499
131.0399932861328,158.1614990234375,114.65999603271484,157.5,9178
110.25,165.69000244140625,108.34110260009766,131.0399932861328,10711
148.67999267578125,153.72000122070312,109.62000274658203,117.80999755859375,28973
136.0800018310547,160.64369201660156,117.80999755859375,143.63999938964844,10821
146.7899932861328,192.14999389648438,136.0800018310547,136.0800018310547,45086
141.1199951171875,159.38999938964844,132.3000030517578,135.4499969482422,7764
154.35000610351562,176.39999389648438,137.97000122070312,146.7899932861328,15993
151.1999969482422,163.74330139160156,145.52999877929688,162.5399932861328,4945
151.1999969482422,160.5491943359375,144.27000427246094,153.08999633789062,3832
146.16000366210938,151.1999969482422,141.75,151.1999969482422,3347
211.0500030517578,319.4100036621094,194.6699981689453,202.86000061035156,896103
151.1999969482422,190.88999938964844,150.5699920654297,175.77000427246094,39096
137.33999633789062,156.23370361328125,131.03369140625,151.1999969482422,17110
136.0800018310547,144.89999389648438,131.0399932861328,136.70999145507812,8041
129.14999389648438,149.93370056152344,126.62999725341797,130.41000366210938,12897
147.4199981689453,166.9499969482422,135.4499969482422,158.75999450683594,85245
131.6699981689453,144.89999389648438,131.0399932861328,138.60000610351562,7972
136.70999145507812,139.86000061035156,129.55319213867188,135.4499969482422,5791
84.41999816894531,90.71369934082031,81.9000015258789,83.79000091552734,22863
85.04999542236328,86.30999755859375,78.75,83.79000091552734,6414
81.2699966430664,83.79000091552734,78.75,81.9000015258789,5503
81.2699966430664,81.2699966430664,78.12000274658203,80.63999938964844,3432
78.12000274658203,82.52999877929688,77.48999786376953,82.52999877929688,3520
72.44999694824219,79.37999725341797,70.55999755859375,77.48999786376953,4511
73.08000183105469,77.36399841308594,70.55999755859375,73.70999908447266,5775
73.70999908447266,74.97000122070312,71.81999969482422,73.08000183105469,2947
71.81999969482422,74.97000122070312,70.55999755859375,71.81999969482422,2196
73.70999908447266,74.97000122070312,69.29999542236328,69.29999542236328,3086
72.44999694824219,73.6155014038086,71.19000244140625,73.08000183105469,1345
75.5999984741211,77.48999786376953,71.81999969482422,76.22999572753906,11209
69.29999542236328,74.33999633789062,67.40999603271484,72.44999694824219,8760
64.88999938964844,70.55999755859375,63.62999725341797,70.55999755859375,5470
64.88999938964844,66.77999877929688,63.0,64.26000213623047,2496
60.85799789428711,65.5199966430664,59.849998474121094,65.5199966430664,3120
56.076297760009766,60.85799789428711,47.306697845458984,60.85799789428711,6249
54.81629943847656,58.59000015258789,47.87999725341797,58.59000015258789,3331
55.125,57.31739807128906,54.82259750366211,56.378700256347656,2121
52.91999816894531,56.69369888305664,51.691497802734375,55.439998626708984,1594
52.73099899291992,54.8036994934082,51.666297912597656,53.73270034790039,676
49.77000045776367,53.90909957885742,49.13999938964844,53.54999923706055,1544
48.5099983215332,51.65999984741211,48.5099983215332,50.71500015258789,1408
50.355899810791016,50.39999771118164,48.66749954223633,49.77000045776367,1060
47.25,50.355899810791016,46.619998931884766,48.5099983215332,4236
45.939598083496094,48.4911003112793,42.209999084472656,46.97909927368164,2922
45.04499816894531,46.93499755859375,43.9739990234375,45.36629867553711,1697
44.792999267578125,45.914398193359375,43.46999740600586,45.914398193359375,2747
44.1693000793457,47.25,43.46999740600586,45.36000061035156,1896
45.038700103759766,46.55699920654297,43.46999740600586,46.55699920654297,2181
44.0369987487793,45.36000061035156,43.46369934082031,45.019798278808594,2369
40.937400817871094,44.13275909423828,39.878997802734375,43.9739990234375,5190
40.44599914550781,42.266700744628906,39.86009979248047,42.266700744628906,1973
39.05999755859375,41.57999801635742,37.79999923706055,40.44599914550781,1390
39.84749984741211,40.94369888305664,38.80799865722656,38.80799865722656,1294
42.002098083496094,43.381797790527344,37.869300842285156,39.595497131347656,3313
41.01300048828125,42.52499771118164,39.375,41.57999801635742,670
40.382999420166016,40.956298828125,38.76390075683594,40.34519958496094,1068
39.375,42.33599853515625,39.375,42.33599853515625,1269
39.6963005065918,40.81769943237305,38.46149826049805,40.31999969482422,652
39.6963005065918,45.725399017333984,38.826900482177734,42.209999084472656,13632
43.9739990234375,47.25,39.6963005065918,43.46999740600586,18895
42.60689926147461,44.087398529052734,41.00669860839844,44.087398529052734,1733
42.209999084472656,47.87999725341797,39.75299835205078,41.66189956665039,14609
43.88999938964844,49.349998474121094,34.439998626708984,46.40999984741211,91883
39.47999954223633,43.04999923706055,38.43000030517578,43.04999923706055,10863
38.0099983215332,42.41999816894531,37.8651008605957,39.27000045776367,10263
47.124000549316406,50.400001525878906,36.33000183105469,38.220001220703125,73472
45.150001525878906,51.45000076293945,41.15999984741211,41.369998931884766,22430
44.72999954223633,53.34000015258789,41.79840087890625,44.52000045776367,40004
38.847900390625,45.779998779296875,36.75,43.88999938964844,13944
35.70000076293945,39.26789855957031,34.650001525878906,37.79999923706055,8326
34.22999954223633,35.70000076293945,32.970001220703125,35.06999969482422,2712
35.17499923706055,36.119998931884766,31.709999084472656,33.2765998840332,4891
33.810001373291016,36.119998931884766,32.970001220703125,34.22999954223633,3586
34.02000045776367,43.04999923706055,31.709999084472656,33.810001373291016,40453
33.18000030517578,34.22999954223633,31.798200607299805,32.970001220703125,3421
32.7599983215332,34.03260040283203,32.54999923706055,33.599998474121094,1635
32.34000015258789,36.33000183105469,32.130001068115234,32.130001068115234,4149
29.610000610351562,33.18000030517578,27.09000015258789,31.5,5528
27.09000015258789,30.030000686645508,26.459999084472656,30.030000686645508,2983
27.299999237060547,30.840599060058594,24.780000686645508,26.25,4434
25.664100646972656,28.742700576782227,24.780000686645508,27.299999237060547,3836
23.204999923706055,25.200000762939453,21.6299991607666,24.780000686645508,9248
21.6299991607666,23.100000381469727,21.0,22.469999313354492,4527
26.670000076293945,29.397899627685547,20.790000915527344,22.68000030517578,40056
23.940000534057617,35.4900016784668,23.100000381469727,26.25,129232
23.309999465942383,23.729999542236328,21.0,23.100000381469727,7762
20.79210090637207,23.309999465942383,19.739999771118164,22.049999237060547,10662
19.950000762939453,21.420000076293945,18.690000534057617,21.0,10111
18.482099533081055,21.41790008544922,17.871000289916992,19.530000686645508,3012
20.790000915527344,23.100000381469727,18.479999542236328,18.690000534057617,8815
21.420000076293945,21.420000076293945,20.579999923706055,20.790000915527344,1212
21.0,22.68000030517578,20.911800384521484,21.24570083618164,2061
20.95170021057129,22.138200759887695,19.389299392700195,20.955900192260742,1350
21.0,22.889999389648438,20.3700008392334,20.3700008392334,1548
20.214599609375,22.486799240112305,19.739999771118164,21.84000015258789,2069
19.31999969482422,21.209999084472656,19.11210060119629,21.209999084472656,4010
19.844999313354492,20.290199279785156,18.421199798583984,20.15999984741211,926
18.532499313354492,19.42289924621582,18.479999542236328,18.479999542236328,974
19.31999969482422,19.844999313354492,18.587099075317383,19.002899169921875,862
18.690000534057617,19.52790069580078,17.325000762939453,18.899999618530273,2785
19.364099502563477,19.530000686645508,17.560199737548828,17.74920082092285,2290
18.059999465942383,19.364099502563477,16.814699172973633,19.364099502563477,1498
17.639999389648438,19.120500564575195,16.820999145507812,17.219999313354492,912
17.316600799560547,18.899999618530273,16.846200942993164,17.850000381469727,653
16.806299209594727,18.763500213623047,16.806299209594727,17.451000213623047,925
16.95330047607422,17.79960060119629,16.95330047607422,17.32710075378418,625
16.25819969177246,17.63789939880371,15.75,17.63789939880371,1195
16.3799991607666,18.595500946044922,16.3799991607666,17.08769989013672,851
16.642499923706055,18.4778995513916,16.365299224853516,16.365299224853516,1063
16.799999237060547,17.639999389648438,16.799999237060547,17.43000030517578,459
16.799999237060547,17.639999389648438,16.132200241088867,17.43000030517578,1042
16.81679916381836,17.131799697875977,16.45560073852539,16.799999237060547,1442
16.170000076293945,18.03059959411621,15.980999946594238,16.81679916381836,1973
15.770999908447266,16.79789924621582,15.75,16.79789924621582,936
15.87600040435791,16.69499969482422,15.4350004196167,15.4350004196167,968
15.87600040435791,16.629899978637695,15.770999908447266,16.422000885009766,667
14.592900276184082,16.3799991607666,13.649999618530273,15.791999816894531,2856
14.176050186157227,15.75,14.069999694824219,14.279999732971191,1473
13.670999526977539,14.77560043334961,13.442099571228027,14.069999694824219,2274
13.229999542236328,14.2568998336792,13.022100448608398,13.755000114440918,2135
13.649999618530273,14.069999694824219,13.126049995422363,13.614299774169922,1302
13.022100448608398,13.849499702453613,12.621000289916992,13.849499702453613,845
15.191399574279785,16.31279945373535,12.234600067138672,13.234199523925781,13200
13.229998588562012,20.299999237060547,11.410698890686035,16.3799991607666,52831
11.619998931884766,13.089999198913574,10.84999942779541,12.669999122619629,13443
12.10999870300293,12.949298858642578,11.270698547363281,11.969999313354492,9400
12.704998970031738,12.949298858642578,11.339999198913574,11.75999927520752,9014
12.59999942779541,13.089999198913574,11.970699310302734,12.739998817443848,4373
13.509299278259277,13.50999927520752,11.75999927520752,13.019998550415039,7815
13.229998588562012,14.944998741149902,12.774998664855957,13.229998588562012,16652
14.839999198913574,15.399998664855957,12.879999160766602,13.649998664855957,31722
13.369998931884766,14.489998817443848,12.669999122619629,13.999999046325684,11984
13.299299240112305,13.299999237060547,11.619998931884766,13.019998550415039,11407
12.739998817443848,13.572999000549316,12.10999870300293,13.159998893737793,17155
13.369998931884766,14.559999465942383,13.019998550415039,13.50999927520752,23976
13.299999237060547,14.309398651123047,12.046998977661133,12.739998817443848,24122
12.59999942779541,13.927899360656738,12.460699081420898,13.089999198913574,9894
11.969999313354492,12.669999122619629,11.479998588562012,12.468399047851562,6157
12.809999465942383,13.649998664855957,11.269998550415039,11.75999927520752,18829
12.611899375915527,13.024198532104492,12.179999351501465,12.719698905944824,7567
11.689998626708984,11.995899200439453,10.989998817443848,10.989998817443848,7061
11.689998626708984,12.249999046325684,11.550699234008789,12.249999046325684,3298
11.619998931884766,12.319998741149902,11.549999237060547,11.619998931884766,1980
11.479998588562012,11.899998664855957,11.129999160766602,11.899998664855957,1970
10.779998779296875,12.249999046325684,9.349199295043945,12.249999046325684,5566
10.639999389648438,10.919999122619629,9.589999198913574,10.289999008178711,5860
16.869998931884766,39.20000076293945,12.249999046325684,13.719999313354492,4019859
9.519998550415039,11.129999160766602,9.379999160766602,10.219999313354492,149502
10.079998970031738,11.269998550415039,9.799999237060547,10.499999046325684,331505
8.25999927520752,9.799999237060547,8.25999927520752,9.44999885559082,84998
8.014999389648438,8.609298706054688,7.839999198913574,8.539999008178711,30110
7.69999885559082,8.539999008178711,7.0699992179870605,7.769999027252197,58172
7.209999084472656,8.539999008178711,7.209999084472656,8.539999008178711,26651
5.698698997497559,6.999999046325684,5.3199992179870605,6.999999046325684,62638
5.322099208831787,5.600698947906494,5.3199992179870605,5.527898788452148,17001
5.536999225616455,6.047998905181885,5.214999198913574,5.3199992179870605,40218
5.249999046325684,5.599998950958252,4.783449172973633,5.599998950958252,45898
2.6249990463256836,3.359998941421509,2.274998903274536,3.359998941421509,79149
4.612298965454102,5.739998817443848,3.289999008178711,4.472299098968506,734245
4.409998893737793,5.179998874664307,3.359998941421509,3.500699043273926,153868
5.3458991050720215,6.649999141693115,3.6749989986419678,4.2118988037109375,176863
9.799999237060547,24.42999839782715,8.749999046325684,17.884998321533203,11856009
13.789999008178711,18.549999237060547,11.619998931884766,15.049999237060547,4453792
12.809999465942383,13.299999237060547,10.709999084472656,12.179999351501465,241279
11.689998626708984,12.809999465942383,11.059999465942383,11.689998626708984,156914
10.429999351501465,11.059999465942383,9.729998588562012,10.709999084472656,122018
11.549999237060547,12.179999351501465,10.709999084472656,11.19999885559082,238432
11.829998970031738,12.179999351501465,10.989998817443848,11.409998893737793,97244
11.549999237060547,11.969999313354492,10.570698738098145,11.549999237060547,45494
13.089999198913574,17.779998779296875,12.459999084472656,14.629999160766602,1535969
12.669999122619629,13.299999237060547,10.779998779296875,12.319998741149902,183446
11.514999389648438,12.420799255371094,11.409998893737793,11.899998664855957,37593
11.484898567199707,12.039999008178711,11.28119945526123,11.479998588562012,28001
11.409998893737793,11.969999313354492,11.301499366760254,11.689998626708984,37703
11.480698585510254,12.039999008178711,10.254999160766602,11.409998893737793,75008
11.689998626708984,11.899998664855957,10.84999942779541,10.84999942779541,28820
11.059999465942383,11.549999237060547,10.919999122619629,11.409998893737793,19556
11.19999885559082,12.655999183654785,10.84999942779541,11.059999465942383,52628
11.512899398803711,12.59999942779541,11.129999160766602,11.19999885559082,166959
10.779998779296875,12.109298706054688,10.499999046325684,11.75999927520752,65035
10.00999927520752,11.479998588562012,9.589999198913574,10.779998779296875,68942
8.81579875946045,10.779998779296875,7.839999198913574,10.00999927520752,86304
9.519998550415039,10.84999942779541,8.959999084472656,10.84999942779541,49946
9.589999198913574,9.724398612976074,8.60999870300293,9.414999008178711,22809
10.219999313354492,10.325698852539062,9.520698547363281,9.659998893737793,15738
10.668699264526367,10.779998779296875,9.799999237060547,10.00999927520752,9692
11.001898765563965,11.479998588562012,10.499999046325684,10.709999084472656,39250
9.09999942779541,11.129999160766602,8.820698738098145,10.709999084472656,79744
8.119998931884766,10.009299278259277,7.559998989105225,9.029998779296875,58388
7.9449992179870605,8.329998970031738,7.69999885559082,8.119998931884766,8443
7.139998912811279,8.959999084472656,6.439999103546143,8.329998970031738,219176
6.423899173736572,7.139998912811279,6.005299091339111,7.139998912811279,38114
6.649999141693115,6.81519889831543,6.22999906539917,6.369998931884766,28782
6.789299011230469,6.999999046325684,6.299999237060547,6.999999046325684,13243
7.139998912811279,7.279998779296875,6.789999008178711,6.789999008178711,14285
6.649999141693115,7.139998912811279,6.299999237060547,7.139998912811279,12083
6.299999237060547,6.789999008178711,6.042398929595947,6.369998931884766,18049
5.725298881530762,6.299999237060547,5.61539888381958,6.026998996734619,13142
5.529998779296875,5.94999885559082,5.396298885345459,5.809298992156982,17684
5.389998912811279,5.809998989105225,5.389998912811279,5.599998950958252,25926
5.59929895401001,5.809298992156982,5.389998912811279,5.389998912811279,15497
5.557999134063721,6.047998905181885,5.472599029541016,5.693449020385742,45203
5.460699081420898,5.677699089050293,5.179998874664307,5.3759989738464355,102473
6.033998966217041,6.768999099731445,5.109999179840088,5.319299221038818,35222
6.9292988777160645,7.0699992179870605,5.6797990798950195,6.159998893737793,76541
6.831998825073242,7.349998950958252,6.411299228668213,6.859999179840088,58316
8.399998664855957,9.659998893737793,6.58699893951416,6.999999046325684,171893
9.09999942779541,9.659998893737793,7.839999198913574,7.97999906539917,237268
8.25999927520752,9.022298812866211,8.119998931884766,8.25999927520752,43689
6.475698947906494,7.903698921203613,6.440699100494385,7.839999198913574,55218
6.442799091339111,6.838998794555664,5.94999885559082,6.509998798370361,63319
6.719998836517334,7.489998817443848,6.509998798370361,6.509998798370361,72746
7.002799034118652,7.627199172973633,6.82499885559082,7.209999084472656,65791
6.4469990730285645,7.192499160766602,6.4469990730285645,6.999999046325684,89172
5.879999160766602,6.70599889755249,5.7469987869262695,6.649999141693115,38278
5.879999160766602,6.159998893737793,5.529998779296875,6.019999027252197,25529
5.767999172210693,6.075998783111572,5.607698917388916,6.019999027252197,22796
5.547499179840088,6.089999198913574,5.529998779296875,5.732998847961426,73154
5.389998912811279,5.739998817443848,5.3199992179870605,5.547499179840088,19611
5.35499906539917,5.599998950958252,5.121199131011963,5.389998912811279,28830
5.081998825073242,5.443899154663086,5.081998825073242,5.305298805236816,66051
5.755399227142334,6.089999198913574,5.109999179840088,5.305998802185059,86044
5.46769905090332,5.732998847961426,5.413798809051514,5.582499027252197,37732
6.244699001312256,7.139998912811279,5.62169885635376,5.62169885635376,216055
6.019999027252197,7.349998950958252,5.704998970031738,7.139998912811279,417617
5.07499885559082,5.865438938140869,5.039999008178711,5.8022990226745605,127899
4.577999114990234,5.180698871612549,4.553499221801758,4.969998836517334,83197
4.346999168395996,4.549999237060547,4.059998989105225,4.549999237060547,110866
4.218198776245117,4.7529988288879395,4.0669989585876465,4.558399200439453,56755
3.9339990615844727,4.339299201965332,3.9339990615844727,4.31899881362915,56288
3.786298990249634,4.19999885559082,3.7099990844726562,4.001898765563965,79118
3.534998893737793,3.849998950958252,3.534998893737793,3.672899007797241,52982
3.4929990768432617,3.6399989128112793,3.274599075317383,3.5069990158081055,83772
4.850998878479004,8.819998741149902,3.667999029159546,4.339999198913574,6852896
4.697699069976807,5.3199992179870605,3.849998950958252,3.9899990558624268,559365
4.164999008178711,4.4449992179870605,3.779999017715454,4.368699073791504,272523
3.60499906539917,3.9752988815307617,3.4954490661621094,3.856998920440674,121965
3.3249990940093994,3.5629990100860596,3.2367990016937256,3.4999990463256836,83921
2.8699989318847656,3.471298933029175,2.666999101638794,3.359998941421509,183908
2.8440990447998047,2.8944990634918213,2.659998893737793,2.8314990997314453,81376
3.3949990272521973,3.3949990272521973,2.72999906539917,2.7999989986419678,660814
3.2374989986419678,3.8149991035461426,2.8776988983154297,3.43139910697937,866906
3.3669989109039307,3.709299087524414,2.9399991035461426,3.149998903274536,430556
4.349999904632568,5.300000190734863,3.619999885559082,3.869999885559082,10939825
4.679999828338623,7.130000114440918,3.880000114440918,6.650000095367432,15827982
4.360000133514404,4.769999980926514,4.010000228881836,4.75,699648
3.5,4.099899768829346,3.240000009536743,3.950000047683716,596702
4.050000190734863,4.239999771118164,3.4100000858306885,3.4600000381469727,582906
3.8499999046325684,3.969899892807007,3.6500000953674316,3.950000047683716,268548
3.140000104904175,3.8236000537872314,2.9100000858306885,3.6700000762939453,328732
3.200000047683716,3.339900016784668,3.0,3.1700000762939453,170193
3.319999933242798,3.5799999237060547,3.1301000118255615,3.2699999809265137,144872
3.5799999237060547,5.150000095367432,3.26200008392334,3.319999933242798,3301841
3.369999885559082,3.700000047683716,3.1500000953674316,3.5199999809265137,424041
3.180000066757202,3.539900064468384,3.1500000953674316,3.2699999809265137,389306
3.1600000858306885,3.329900026321411,3.059999942779541,3.2200000286102295,225490
3.0799999237060547,3.299999952316284,3.050100088119507,3.1600000858306885,127937
3.3499999046325684,4.099999904632568,3.109999895095825,3.109999895095825,1286188
2.700000047683716,3.390000104904175,2.700000047683716,3.25,320143
2.819999933242798,2.950000047683716,2.7699999809265137,2.9000000953674316,269685
2.8499999046325684,3.6500000953674316,2.7699999809265137,2.7699999809265137,1083542
3.0,3.1893999576568604,2.799999952316284,3.069999933242798,525222
3.059999942779541,3.1700000762939453,2.900099992752075,2.9600000381469727,201134
3.049999952316284,3.069999933242798,2.9200000762939453,3.049999952316284,127432
3.069999933242798,3.4240000247955322,2.930000066757202,2.9800000190734863,500272
2.9800000190734863,3.1500000953674316,2.8499999046325684,3.0899999141693115,319277
2.7699999809265137,3.0899999141693115,2.7100000381469727,2.890000104904175,321502
3.069999933242798,4.090000152587891,2.9000000953674316,3.3399999141693115,4391898
3.3499999046325684,3.438999891281128,3.009999990463257,3.25,490397
3.9100000858306885,4.050000190734863,3.450000047683716,3.759999990463257,1927932
5.96999979019165,7.679900169372559,5.139999866485596,7.039999961853027,34589002
3.450000047683716,4.300000190734863,3.190999984741211,4.159999847412109,2765585
3.25,3.5,3.059999942779541,3.299999952316284,827792
3.1500000953674316,3.319999933242798,3.0399999618530273,3.049999952316284,342800
3.2300000190734863,3.4000000953674316,3.059999942779541,3.3299999237060547,299547
2.8299999237060547,3.25,2.819999933242798,3.119999885559082,439941
2.75,2.890000104904175,2.5899999141693115,2.819999933242798,297777
2.8399999141693115,3.0499000549316406,2.549999952316284,2.799999952316284,268689
3.1500000953674316,3.25,2.7799999713897705,2.7799999713897705,334370
2.859999895095825,3.1898999214172363,2.859999895095825,3.0899999141693115,198802
3.069999933242798,3.2100000381469727,2.815000057220459,2.880000114440918,353861
3.240000009536743,3.549999952316284,3.0299999713897705,3.0899999141693115,1150135
3.75,3.9800000190734863,3.1500000953674316,3.5,3463583
3.240000009536743,3.75,3.069999933242798,3.740000009536743,785868
3.319999933242798,3.809999942779541,3.109999895095825,3.109999895095825,1065089
3.240000009536743,3.690000057220459,3.130000114440918,3.450000047683716,305782
2.9600000381469727,3.25,2.9200000762939453,3.140000104904175,222914
3.180000066757202,3.240000009536743,2.950000047683716,3.0,201399
3.0899999141693115,3.1500000953674316,2.950000047683716,3.0,234078
2.8499999046325684,3.119999885559082,2.8399999141693115,3.0299999713897705,308266
2.9600000381469727,3.0199999809265137,2.799999952316284,2.940000057220459,213153
2.7300000190734863,2.9999001026153564,2.680000066757202,2.9700000286102295,307972
2.799999952316284,2.880000114440918,2.5999999046325684,2.700000047683716,229196
2.7200000286102295,2.799999952316284,2.6500000953674316,2.759999990463257,84648
2.569999933242798,2.690000057220459,2.4600000381469727,2.6700000762939453,219900
2.259999990463257,2.7100000381469727,2.2100000381469727,2.7100000381469727,322881
2.5399999618530273,3.0799999237060547,2.259999990463257,2.4100000858306885,956535
2.640000104904175,2.809999942779541,2.3399999141693115,2.450000047683716,324177
2.630000114440918,2.8299999237060547,2.440000057220459,2.7200000286102295,319770
2.5899999141693115,2.690000057220459,2.5299999713897705,2.5399999618530273,127647
2.5899999141693115,2.630000114440918,2.4800000190734863,2.5999999046325684,197984
2.359999895095825,2.609600067138672,2.2799999713897705,2.549999952316284,122317
2.3499999046325684,2.4800000190734863,2.299999952316284,2.3499999046325684,247470
1.9900000095367432,2.3798999786376953,1.8300000429153442,2.3299999237060547,361865
1.9900000095367432,2.085099935531616,1.9199999570846558,2.069999933242798,144568
1.9199999570846558,2.0,1.75,2.0,708120
2.109999895095825,3.309999942779541,2.059999942779541,2.0999999046325684,10649683
2.0,2.25,1.840000033378601,2.0799999237060547,853062
1.9500000476837158,2.190000057220459,1.9199999570846558,1.9600000381469727,626640
2.2899999618530273,2.440000057220459,1.9500000476837158,1.9500000476837158,733324
2.049999952316284,2.2899999618530273,2.0199999809265137,2.200000047683716,212204
2.119999885559082,2.140000104904175,1.9603999853134155,2.049999952316284,169342
1.840000033378601,2.0999999046325684,1.6799999475479126,2.0399999618530273,557604
1.75,1.8396999835968018,1.7000000476837158,1.809999942779541,183466
1.5299999713897705,2.069999933242798,1.5199999809265137,1.7200000286102295,1705353
1.3799999952316284,1.4399000406265259,1.2200000286102295,1.3700000047683716,339575
1.2599999904632568,1.4800000190734863,1.25,1.399999976158142,287798
1.350000023841858,1.399999976158142,1.2400000095367432,1.2799999713897705,249498
1.3799999952316284,1.4996000528335571,1.2599999904632568,1.2899999618530273,213313
1.399999976158142,1.4299999475479126,1.2999999523162842,1.350000023841858,99272
1.3799999952316284,1.399999976158142,1.309999942779541,1.3899999856948853,63845
1.2999999523162842,1.38510000705719,1.2999999523162842,1.3600000143051147,72821
1.0499999523162842,1.2899999618530273,1.0399999618530273,1.2599999904632568,676499
1.090000033378601,1.1899000406265259,1.0551999807357788,1.059999942779541,312795
0.8999999761581421,1.0750000476837158,0.7760000228881836,1.059999942779541,583257
0.9550999999046326,0.9700000286102295,0.8949999809265137,0.925000011920929,160707
0.9700000286102295,1.059999942779541,0.9200000166893005,0.9866999983787537,315619
1.5700000524520874,2.579900026321411,1.3700000047683716,2.359999895095825,90466023
1.3200000524520874,1.6100000143051147,1.2999999523162842,1.600000023841858,4758145
1.2799999713897705,1.4199999570846558,0.972000002861023,1.4199999570846558,1602431
1.0800000429153442,1.1957999467849731,1.0605000257492065,1.1299999952316284,2267221
1.274999976158142,1.5499999523162842,1.25,1.4600000381469727,20160841
1.1100000143051147,1.2400000095367432,1.0399999618530273,1.159999966621399,1626657
1.1399999856948853,1.2000000476837158,1.0199999809265137,1.1100000143051147,1220455
1.0,1.125,0.9900000095367432,1.1100000143051147,1030189
1.1299999952316284,1.2599999904632568,1.0,1.0499999523162842,4856428
1.0499999523162842,1.190000057220459,1.0,1.059999942779541,1022917
1.100000023841858,1.1298999786376953,1.0199999809265137,1.0499999523162842,436728
1.0,1.0700000524520874,0.9800000190734863,1.0399999618530273,872653
0.8880000114440918,1.0299999713897705,0.8799999952316284,1.0099999904632568,887051
0.8507999777793884,0.9329000115394592,0.8402000069618225,0.8881999850273132,496345
0.8500000238418579,0.949999988079071,0.8019999861717224,0.8529999852180481,1644079
1.2100000381469727,1.559999942779541,1.0299999713897705,1.25,89606500
1.159999966621399,1.2796000242233276,1.0099999904632568,1.159999966621399,4717004
1.0800000429153442,1.100000023841858,1.0199999809265137,1.0499999523162842,1372088
1.0399999618530273,1.090000033378601,0.9559999704360962,1.0,1873649
0.7799999713897705,1.0099999904632568,0.7720999717712402,0.9309999942779541,5557738
0.14560000598430634,0.4000000059604645,0.12999999523162842,0.3799999952316284,2669608
0.07999999821186066,0.11999999731779099,0.00019999999494757503,0.00019999999494757503,316699
0.03709999844431877,0.10899999737739563,0.035100001841783524,0.07000000029802322,32546
0.03999999910593033,0.05000000074505806,0.03720000013709068,0.03799999877810478,61412
0.033900000154972076,0.045099999755620956,0.020999999716877937,0.020999999716877937,15709
0.08900000154972076,0.08990000188350677,0.02850000001490116,0.03454999998211861,9185
0.08799999952316284,0.08900000154972076,0.030500000342726707,0.033900000154972076,72126
0.05009999871253967,0.09000000357627869,0.03350000083446503,0.08789999783039093,89248
0.05510000139474869,0.05510000139474869,0.05009999871253967,0.05009999871253967,10688
0.03999999910593033,0.03999999910593033,0.03400000184774399,0.03400000184774399,12714
0.03999999910593033,0.04520000144839287,0.03519999980926514,0.04520000144839287,15987
0.04010000079870224,0.04010000079870224,0.03750000149011612,0.03750000149011612,8249
0.04019999876618385,0.08489999920129776,0.04019999876618385,0.04019999876618385,51698
0.05000000074505806,0.05000000074505806,0.040300000458955765,0.040300000458955765,3789
0.041600000113248825,0.054999999701976776,0.041200000792741776,0.05000000074505806,7635
0.042399998754262924,0.042399998754262924,0.041600000113248825,0.041600000113248825,5685
0.04259999841451645,0.05260000005364418,0.04259999841451645,0.05260000005364418,6759
0.05000000074505806,0.05000000074505806,0.04270000010728836,0.04270000010728836,9158
0.03500000014901161,0.04320000112056732,0.03449999913573265,0.042100001126527786,7903
0.03799999877810478,0.03799999877810478,0.03550000116229057,0.03550000116229057,13296
0.03009999915957451,0.03750000149011612,0.03009999915957451,0.03500000014901161,198981
0.03020000085234642,0.030500000342726707,0.03020000085234642,0.03020000085234642,1292
0.029999999329447746,0.030500000342726707,0.0010000000474974513,0.0010000000474974513,14849
0.03009999915957451,0.03009999915957451,0.03009999915957451,0.03009999915957451,2838
0.03009999915957451,0.03020000085234642,0.03009999915957451,0.03009999915957451,6558
0.03009999915957451,0.03009999915957451,0.03009999915957451,0.03009999915957451,629
0.05000000074505806,0.08190000057220459,0.01600000075995922,0.03999999910593033,6632
0.05000000074505806,0.05000000074505806,0.05000000074505806,0.05000000074505806,1062
0.05000000074505806,0.05000000074505806,0.05000000074505806,0.05000000074505806,0
0.05000000074505806,0.05000000074505806,0.05000000074505806,0.05000000074505806,0
0.02250000089406967,0.02500000037252903,0.020999999716877937,0.020999999716877937,2302
0.029999999329447746,0.03350000083446503,0.022600000724196434,0.022600000724196434,13856
0.02500000037252903,0.02500000037252903,0.020099999383091927,0.020099999383091927,2828
0.020099999383091927,0.03999999910593033,0.020099999383091927,0.020099999383091927,15286
0.008500000461935997,0.008500000461935997,0.0012000000569969416,0.0012000000569969416,6193
0.010499999858438969,0.010499999858438969,0.008500000461935997,0.008500000461935997,5672
0.010999999940395355,0.019999999552965164,0.010999999940395355,0.010999999940395355,4581
0.013000000268220901,0.05000000074505806,0.011500000022351742,0.019999999552965164,12675
0.013000000268220901,0.013000000268220901,0.012500000186264515,0.012500000186264515,1744
0.013000000268220901,0.023000000044703484,0.013000000268220901,0.013000000268220901,28330
0.013000000268220901,0.023000000044703484,0.013000000268220901,0.013000000268220901,2807
0.013000000268220901,0.013000000268220901,0.013000000268220901,0.013000000268220901,1388
0.013100000098347664,0.029999999329447746,0.013100000098347664,0.013100000098347664,23215
0.04500000178813934,0.04500000178813934,0.007000000216066837,0.013100000098347664,42490
0.04600000008940697,0.10000000149011612,0.010099999606609344,0.010099999606609344,73311
0.04500000178813934,0.05000000074505806,0.01209999993443489,0.04500000178813934,22311
0.04500000178813934,0.04500000178813934,0.04500000178813934,0.04500000178813934,0
0.04500000178813934,0.04500000178813934,0.013000000268220901,0.013500000350177288,3590
0.04500000178813934,0.04500000178813934,0.04500000178813934,0.04500000178813934,0
0.009999999776482582,0.009999999776482582,0.00800000037997961,0.008999999612569809,3262
0.03500000014901161,0.03500000014901161,0.03500000014901161,0.03500000014901161,2677
0.013000000268220901,0.03500000014901161,0.008999999612569809,0.03500000014901161,6035
0.009999999776482582,0.0142000000923872,0.009999999776482582,0.013000000268220901,14054
0.010499999858438969,0.013000000268220901,0.010499999858438969,0.010499999858438969,3683
0.022099999710917473,0.022099999710917473,0.009999999776482582,0.010499999858438969,10404
0.02199999988079071,0.02199999988079071,0.009999999776482582,0.01209999993443489,20502
0.02250000089406967,0.02250000089406967,0.009999999776482582,0.009999999776482582,769
0.013000000268220901,0.023000000044703484,0.012500000186264515,0.02250000089406967,1936
0.013000000268220901,0.023000000044703484,0.013000000268220901,0.013000000268220901,2449
0.014000000432133675,0.014000000432133675,0.013000000268220901,0.013000000268220901,2726
0.010099999606609344,0.019999999552965164,0.009499999694526196,0.013000000268220901,55345
0.020099999383091927,0.020099999383091927,0.010599999688565731,0.010599999688565731,33100
0.020600000396370888,0.020600000396370888,0.010999999940395355,0.010999999940395355,20243
0.010599999688565731,0.039900001138448715,0.010599999688565731,0.020600000396370888,12699
0.009999999776482582,0.01119999960064888,0.008500000461935997,0.011099999770522118,71259
0.009999999776482582,0.009999999776482582,0.0010999999940395355,0.0010999999940395355,1631
0.012000000104308128,0.012000000104308128,0.00570000009611249,0.0066999997943639755,9713
0.006099999882280827,0.009999999776482582,0.005499999970197678,0.005499999970197678,10634
0.008500000461935997,0.009999999776482582,0.006099999882280827,0.006099999882280827,55130
0.00860000029206276,0.039900001138448715,0.00860000029206276,0.00860000029206276,23336
0.008799999952316284,0.008799999952316284,0.007499999832361937,0.007499999832361937,23061
0.02019999921321869,0.02019999921321869,0.008799999952316284,0.008799999952316284,46020
0.02019999921321869,0.02019999921321869,0.02019999921321869,0.02019999921321869,0
0.008799999952316284,0.009800000116229057,0.008799999952316284,0.009800000116229057,2894
0.019999999552965164,0.019999999552965164,0.008799999952316284,0.008799999952316284,8731
0.019999999552965164,0.019999999552965164,0.019999999552965164,0.019999999552965164,0
0.019999999552965164,0.019999999552965164,0.019999999552965164,0.019999999552965164,0
0.019999999552965164,0.019999999552965164,0.019999999552965164,0.019999999552965164,0
0.02879999950528145,0.02879999950528145,0.024399999529123306,0.024399999529123306,12443
0.02879999950528145,0.02879999950528145,0.02879999950528145,0.02879999950528145,0
0.014999999664723873,0.019999999552965164,0.014999999664723873,0.019999999552965164,2015
0.009999999776482582,0.009999999776482582,0.009999999776482582,0.009999999776482582,1498
0.009999999776482582,0.009999999776482582,0.00800000037997961,0.008799999952316284,5534
0.009999999776482582,0.009999999776482582,0.008500000461935997,0.009499999694526196,3024
0.009999999776482582,0.009999999776482582,0.009999999776482582,0.009999999776482582,7950
0.010099999606609344,0.010099999606609344,0.009999999776482582,0.009999999776482582,1461
0.014999999664723873,0.014999999664723873,0.010200000368058681,0.010200000368058681,674
0.014999999664723873,0.014999999664723873,0.008500000461935997,0.008500000461935997,4897
0.014999999664723873,0.014999999664723873,0.008500000461935997,0.008500000461935997,11231
0.014999999664723873,0.014999999664723873,0.014999999664723873,0.014999999664723873,0
0.014999999664723873,0.014999999664723873,0.014999999664723873,0.014999999664723873,0
0.008999999612569809,0.008999999612569809,0.00800000037997961,0.00800000037997961,2415
0.009999999776482582,0.009999999776482582,0.008999999612569809,0.008999999612569809,8781
0.009999999776482582,0.009999999776482582,0.00800000037997961,0.00800000037997961,8626
0.009999999776482582,0.009999999776482582,0.009999999776482582,0.009999999776482582,0
0.009999999776482582,0.009999999776482582,0.009999999776482582,0.009999999776482582,0
0.029999999329447746,0.029999999329447746,0.02879999950528145,0.02879999950528145,1503
0.008500000461935997,0.008500000461935997,0.008500000461935997,0.008500000461935997,3673
0.010499999858438969,0.010499999858438969,0.009499999694526196,0.009499999694526196,533
0.009499999694526196,0.009499999694526196,0.009499999694526196,0.009499999694526196,5325
0.010499999858438969,0.010499999858438969,0.010499999858438969,0.010499999858438969,273
0.009499999694526196,0.009499999694526196,0.009499999694526196,0.009499999694526196,6098
0.009499999694526196,0.010499999858438969,0.009499999694526196,0.010499999858438969,668
0.00800000037997961,0.009499999694526196,0.00800000037997961,0.009499999694526196,8710
0.00800000037997961,0.008999999612569809,0.00800000037997961,0.008999999612569809,1202
0.00800000037997961,0.00800000037997961,0.00800000037997961,0.00800000037997961,102
0.00800000037997961,0.00800000037997961,0.00800000037997961,0.00800000037997961,0
0.008999999612569809,0.008999999612569809,0.008999999612569809,0.008999999612569809,613
0.008999999612569809,0.008999999612569809,0.00800000037997961,0.00800000037997961,1425
0.00800000037997961,0.00800000037997961,0.00800000037997961,0.00800000037997961,609
0.005499999970197678,0.00800000037997961,0.005499999970197678,0.00800000037997961,14463
0.00800000037997961,0.00800000037997961,0.005499999970197678,0.005499999970197678,9044
0.007000000216066837,0.007000000216066837,0.005499999970197678,0.005499999970197678,1239
0.00800000037997961,0.00800000037997961,0.00800000037997961,0.00800000037997961,514
0.00559999980032444,0.00559999980032444,0.005499999970197678,0.005499999970197678,657
0.007000000216066837,0.007000000216066837,0.00559999980032444,0.00559999980032444,1332
0.007000000216066837,0.007000000216066837,0.007000000216066837,0.007000000216066837,0
0.00559999980032444,0.00559999980032444,9.999999747378752e-05,9.999999747378752e-05,1899
0.006599999964237213,0.006599999964237213,0.00559999980032444,0.00559999980032444,619
0.006599999964237213,0.006599999964237213,0.006599999964237213,0.006599999964237213,0
0.006599999964237213,0.006599999964237213,0.006599999964237213,0.006599999964237213,0
0.006599999964237213,0.006599999964237213,0.006599999964237213,0.006599999964237213,305
0.006599999964237213,0.006599999964237213,0.006599999964237213,0.006599999964237213,430
0.006599999964237213,0.006599999964237213,0.006599999964237213,0.006599999964237213,0
0.019899999722838402,0.019899999722838402,0.00559999980032444,0.00559999980032444,5002
0.006599999964237213,0.006599999964237213,0.006599999964237213,0.006599999964237213,458
0.006599999964237213,0.006599999964237213,0.006599999964237213,0.006599999964237213,0
0.006599999964237213,0.006599999964237213,0.006599999964237213,0.006599999964237213,0
0.006599999964237213,0.006599999964237213,0.006599999964237213,0.006599999964237213,0
0.0026000000070780516,0.0026000000070780516,0.0026000000070780516,0.0026000000070780516,152
0.0027000000700354576,0.0027000000700354576,0.0026000000070780516,0.0026000000070780516,4503
0.0026000000070780516,0.0026000000070780516,0.0026000000070780516,0.0026000000070780516,6309
0.0026000000070780516,0.0026000000070780516,0.0026000000070780516,0.0026000000070780516,3657
0.0026000000070780516,0.0026000000070780516,0.0026000000070780516,0.0026000000070780516,727
0.0026000000070780516,0.0026000000070780516,0.0026000000070780516,0.0026000000070780516,2103
0.003599999938160181,0.003599999938160181,0.0026000000070780516,0.0026000000070780516,1385
0.003599999938160181,0.003599999938160181,0.003599999938160181,0.003599999938160181,0
0.003599999938160181,0.003599999938160181,0.003599999938160181,0.003599999938160181,0
0.003599999938160181,0.003599999938160181,0.003599999938160181,0.003599999938160181,0
0.0026000000070780516,0.0026000000070780516,0.0026000000070780516,0.0026000000070780516,445
0.0026000000070780516,0.003599999938160181,0.0026000000070780516,0.003599999938160181,3206
0.0026000000070780516,0.0026000000070780516,0.0026000000070780516,0.0026000000070780516,3003
0.0026000000070780516,0.0026000000070780516,0.0026000000070780516,0.0026000000070780516,0
0.0003000000142492354,0.0003000000142492354,0.00019999999494757503,0.00019999999494757503,3029
0.0003000000142492354,0.0003000000142492354,0.0003000000142492354,0.0003000000142492354,403
0.00039999998989515007,0.00039999998989515007,0.00039999998989515007,0.00039999998989515007,509
0.00039999998989515007,0.00039999998989515007,0.00039999998989515007,0.00039999998989515007,0
0.0010000000474974513,0.0010000000474974513,0.0005000000237487257,0.0005000000237487257,393
0.0010000000474974513,0.0010000000474974513,0.0010000000474974513,0.0010000000474974513,0
0.0003000000142492354,0.0003000000142492354,0.0003000000142492354,0.0003000000142492354,101
0.0010000000474974513,0.0010000000474974513,0.0010000000474974513,0.0010000000474974513,163
0.0010000000474974513,0.0010000000474974513,0.0005000000237487257,0.0005000000237487257,1060
0.0010000000474974513,0.0010000000474974513,0.0010000000474974513,0.0010000000474974513,0
0.0010000000474974513,0.0010000000474974513,0.0010000000474974513,0.0010000000474974513,0
0.001500000013038516,0.001500000013038516,0.0010000000474974513,0.0010000000474974513,1234
0.0010000000474974513,0.0010000000474974513,0.00019999999494757503,0.00019999999494757503,447
0.0006000000284984708,0.0006000000284984708,0.0005000000237487257,0.0005000000237487257,1638
0.0006000000284984708,0.0006000000284984708,0.0006000000284984708,0.0006000000284984708,0
0.0010999999940395355,0.0010999999940395355,0.000699999975040555,0.000699999975040555,2642
0.001500000013038516,0.0020000000949949026,0.001500000013038516,0.001500000013038516,1564
0.017500000074505806,0.017500000074505806,0.009999999776482582,0.009999999776482582,6718
0.003000000026077032,0.017500000074505806,0.0024999999441206455,0.017500000074505806,11754
0.017500000074505806,0.017500000074505806,0.017500000074505806,0.017500000074505806,7091
0.017500000074505806,0.017500000074505806,0.017500000074505806,0.017500000074505806,0
0.017500000074505806,0.017500000074505806,0.017500000074505806,0.017500000074505806,0
0.00019999999494757503,0.00019999999494757503,0.00019999999494757503,0.00019999999494757503,189
0.00019999999494757503,0.0010000000474974513,0.00019999999494757503,0.0010000000474974513,16691
0.00019999999494757503,0.00019999999494757503,0.00019999999494757503,0.00019999999494757503,0
0.010099999606609344,0.010099999606609344,0.005100000184029341,0.005100000184029341,5709
0.0024999999441206455,0.030300000682473183,0.0024999999441206455,0.030300000682473183,57132
0.0024999999441206455,0.0024999999441206455,0.0024999999441206455,0.0024999999441206455,0
0.039900001138448715,0.039900001138448715,0.004999999888241291,0.004999999888241291,2869
0.039900001138448715,0.039900001138448715,0.039900001138448715,0.039900001138448715,0
0.00039999998989515007,0.039900001138448715,0.0003000000142492354,0.029999999329447746,22104
0.0007999999797903001,0.0007999999797903001,0.0007999999797903001,0.0007999999797903001,1467
0.0007999999797903001,0.0007999999797903001,0.0007999999797903001,0.0007999999797903001,0
0.00559999980032444,0.00559999980032444,0.005200000014156103,0.005200000014156103,628
0.006200000178068876,0.010200000368058681,0.006200000178068876,0.010200000368058681,42935
0.006500000134110451,0.006500000134110451,0.006500000134110451,0.006500000134110451,1092
0.0066999997943639755,0.0066999997943639755,0.006500000134110451,0.006500000134110451,1695
0.00860000029206276,0.00860000029206276,0.007000000216066837,0.007000000216066837,7509
0.00860000029206276,0.00860000029206276,0.00860000029206276,0.00860000029206276,0
0.010200000368058681,0.010200000368058681,0.010200000368058681,0.010200000368058681,1200
0.013299999758601189,0.013299999758601189,0.013299999758601189,0.013299999758601189,1119
0.025100000202655792,0.040300000458955765,0.013399999588727951,0.013399999588727951,8583
0.026000000536441803,0.030700000002980232,0.022299999371170998,0.025599999353289604,7689
0.035999998450279236,0.04010000079870224,0.029999999329447746,0.039900001138448715,16140
0.017500000074505806,0.017500000074505806,0.016699999570846558,0.016699999570846558,7784
0.017500000074505806,0.017500000074505806,0.017500000074505806,0.017500000074505806,0
0.017500000074505806,0.017500000074505806,0.017500000074505806,0.017500000074505806,0
0.029999999329447746,0.029999999329447746,0.0013000000035390258,0.0013000000035390258,4273
0.03999999910593033,0.03999999910593033,0.00559999980032444,0.00559999980032444,8750
0.03999999910593033,0.03999999910593033,0.03999999910593033,0.03999999910593033,0
0.015200000256299973,0.015200000256299973,0.009999999776482582,0.009999999776482582,155066
0.012600000016391277,0.012600000016391277,0.012600000016391277,0.012600000016391277,585
0.012600000016391277,0.012600000016391277,0.012600000016391277,0.012600000016391277,0
0.012600000016391277,0.012600000016391277,0.012600000016391277,0.012600000016391277,0
0.012600000016391277,0.012600000016391277,0.012600000016391277,0.012600000016391277,0
0.004000000189989805,0.004000000189989805,0.004000000189989805,0.004000000189989805,310
0.011699999682605267,0.08990000188350677,0.0010000000474974513,0.0010000000474974513,996
9.999999747378752e-05,0.010999999940395355,9.999999747378752e-05,9.999999747378752e-05,636
9.999999747378752e-05,9.999999747378752e-05,9.999999747378752e-05,9.999999747378752e-05,0
0.00419999985024333,0.00419999985024333,0.00419999985024333,0.00419999985024333,2716
0.0215000007301569,0.0215000007301569,0.0215000007301569,0.0215000007301569,1505
0.026200000196695328,0.031199999153614044,0.004600000102072954,0.031199999153614044,1583
0.005100000184029341,0.005100000184029341,0.005100000184029341,0.005100000184029341,926
0.02070000022649765,0.02070000022649765,0.005200000014156103,0.005200000014156103,6061
0.0210999995470047,0.0210999995470047,0.0210999995470047,0.0210999995470047,3562
0.0210999995470047,0.0210999995470047,0.0210999995470047,0.0210999995470047,0
0.03999999910593033,0.03999999910593033,0.02160000056028366,0.02160000056028366,1143
0.029999999329447746,0.029999999329447746,0.029999999329447746,0.029999999329447746,3284
0.02419999986886978,0.02419999986886978,0.022600000724196434,0.02419999986886978,4133
0.002300000051036477,0.025100000202655792,9.999999747378752e-05,0.02500000037252903,51742
0.002300000051036477,0.002300000051036477,0.002300000051036477,0.002300000051036477,0
0.004000000189989805,0.019899999722838402,0.004000000189989805,0.019899999722838402,8815
0.00419999985024333,0.00419999985024333,0.00419999985024333,0.00419999985024333,2020
0.00419999985024333,0.029999999329447746,0.00419999985024333,0.029999999329447746,3871
0.010999999940395355,0.029999999329447746,0.010999999940395355,0.029999999329447746,904
0.010999999940395355,0.010999999940395355,0.010999999940395355,0.010999999940395355,0
0.005900000222027302,0.005900000222027302,0.005900000222027302,0.005900000222027302,819
0.005900000222027302,0.005900000222027302,0.005900000222027302,0.005900000222027302,0
0.002199999988079071,0.005900000222027302,0.002199999988079071,0.005900000222027302,11114
0.0026000000070780516,0.005400000140070915,0.0026000000070780516,0.005400000140070915,9599
0.006200000178068876,0.006200000178068876,0.006200000178068876,0.006200000178068876,158
0.006200000178068876,0.006200000178068876,0.006200000178068876,0.006200000178068876,0
0.006200000178068876,0.006200000178068876,0.006200000178068876,0.006200000178068876,0
0.006200000178068876,0.006200000178068876,0.006200000178068876,0.006200000178068876,0
0.0026000000070780516,0.0026000000070780516,0.002199999988079071,0.002199999988079071,1146
0.005100000184029341,0.021199999377131462,0.0026000000070780516,0.0026000000070780516,9690
0.005100000184029341,0.005100000184029341,0.005100000184029341,0.005100000184029341,0
0.01080000028014183,0.01080000028014183,0.01080000028014183,0.01080000028014183,1939
0.0032999999821186066,0.0032999999821186066,0.0032999999821186066,0.0032999999821186066,1948
